Territorio,Atividades,Mes_Ano,Indice,Data,Ano
Brasil,"Hipermercados, supermercados, produtos alimentícios, bebidas e fumo",janeiro 2019,96.47752,2019-01-01,2019
Brasil,Hipermercados e supermercados,janeiro 2019,95.54743,2019-01-01,2019
Brasil,"Hipermercados, supermercados, produtos alimentícios, bebidas e fumo",fevereiro 2019,90.75268,2019-02-01,2019
Brasil,Hipermercados e supermercados,fevereiro 2019,89.64694,2019-02-01,2019
Brasil,"Hipermercados, supermercados, produtos alimentícios, bebidas e fumo",março 2019,94.3761,2019-03-01,2019
Brasil,Hipermercados e supermercados,março 2019,93.06886,2019-03-01,2019
Brasil,"Hipermercados, supermercados, produtos alimentícios, bebidas e fumo",abril 2019,93.30936,2019-04-01,2019
Brasil,Hipermercados e supermercados,abril 2019,92.21864,2019-04-01,2019
Brasil,"Hipermercados, supermercados, produtos alimentícios, bebidas e fumo",maio 2019,93.46582,2019-05-01,2019
Brasil,Hipermercados e supermercados,maio 2019,92.10576,2019-05-01,2019
Brasil,"Hipermercados, supermercados, produtos alimentícios, bebidas e fumo",junho 2019,91.40297,2019-06-01,2019
Brasil,Hipermercados e supermercados,junho 2019,89.6583,2019-06-01,2019
Brasil,"Hipermercados, supermercados, produtos alimentícios, bebidas e fumo",julho 2019,93.14186,2019-07-01,2019
Brasil,Hipermercados e supermercados,julho 2019,91.35823,2019-07-01,2019
Brasil,"Hipermercados, supermercados, produtos alimentícios, bebidas e fumo",agosto 2019,99.22104,2019-08-01,2019
Brasil,Hipermercados e supermercados,agosto 2019,97.6782,2019-08-01,2019
Brasil,"Hipermercados, supermercados, produtos alimentícios, bebidas e fumo",setembro 2019,93.26685,2019-09-01,2019
Brasil,Hipermercados e supermercados,setembro 2019,91.54256,2019-09-01,2019
Brasil,"Hipermercados, supermercados, produtos alimentícios, bebidas e fumo",outubro 2019,97.85853,2019-10-01,2019
Brasil,Hipermercados e supermercados,outubro 2019,95.95857,2019-10-01,2019
Brasil,"Hipermercados, supermercados, produtos alimentícios, bebidas e fumo",novembro 2019,101.78169,2019-11-01,2019
Brasil,Hipermercados e supermercados,novembro 2019,100.41654,2019-11-01,2019
Brasil,"Hipermercados, supermercados, produtos alimentícios, bebidas e fumo",dezembro 2019,115.23238,2019-12-01,2019
Brasil,Hipermercados e supermercados,dezembro 2019,114.31624,2019-12-01,2019
Brasil,"Hipermercados, supermercados, produtos alimentícios, bebidas e fumo",janeiro 2020,93.83039,2020-01-01,2020
Brasil,Hipermercados e supermercados,janeiro 2020,92.72008,2020-01-01,2020
Brasil,"Hipermercados, supermercados, produtos alimentícios, bebidas e fumo",fevereiro 2020,94.36996,2020-02-01,2020
Brasil,Hipermercados e supermercados,fevereiro 2020,93.30239,2020-02-01,2020
Brasil,"Hipermercados, supermercados, produtos alimentícios, bebidas e fumo",março 2020,104.74174,2020-03-01,2020
Brasil,Hipermercados e supermercados,março 2020,104.20797,2020-03-01,2020
Brasil,"Hipermercados, supermercados, produtos alimentícios, bebidas e fumo",abril 2020,97.66291,2020-04-01,2020
Brasil,Hipermercados e supermercados,abril 2020,97.58569,2020-04-01,2020
Brasil,"Hipermercados, supermercados, produtos alimentícios, bebidas e fumo",maio 2020,102.18091,2020-05-01,2020
Brasil,Hipermercados e supermercados,maio 2020,102.2101,2020-05-01,2020
Brasil,"Hipermercados, supermercados, produtos alimentícios, bebidas e fumo",junho 2020,97.29924,2020-06-01,2020
Brasil,Hipermercados e supermercados,junho 2020,97.02254,2020-06-01,2020
Brasil,"Hipermercados, supermercados, produtos alimentícios, bebidas e fumo",julho 2020,102.30092,2020-07-01,2020
Brasil,Hipermercados e supermercados,julho 2020,102.05364,2020-07-01,2020
Brasil,"Hipermercados, supermercados, produtos alimentícios, bebidas e fumo",agosto 2020,102.19893,2020-08-01,2020
Brasil,Hipermercados e supermercados,agosto 2020,101.904,2020-08-01,2020
Brasil,"Hipermercados, supermercados, produtos alimentícios, bebidas e fumo",setembro 2020,97.30704,2020-09-01,2020
Brasil,Hipermercados e supermercados,setembro 2020,96.66196,2020-09-01,2020
Brasil,"Hipermercados, supermercados, produtos alimentícios, bebidas e fumo",outubro 2020,105.02037,2020-10-01,2020
Brasil,Hipermercados e supermercados,outubro 2020,104.65985,2020-10-01,2020
Brasil,"Hipermercados, supermercados, produtos alimentícios, bebidas e fumo",novembro 2020,99.93074,2020-11-01,2020
Brasil,Hipermercados e supermercados,novembro 2020,99.9811,2020-11-01,2020
Brasil,"Hipermercados, supermercados, produtos alimentícios, bebidas e fumo",dezembro 2020,119.24585,2020-12-01,2020
Brasil,Hipermercados e supermercados,dezembro 2020,119.62392,2020-12-01,2020
Brasil,"Hipermercados, supermercados, produtos alimentícios, bebidas e fumo",janeiro 2021,95.00777,2021-01-01,2021
Brasil,Hipermercados e supermercados,janeiro 2021,95.04294,2021-01-01,2021
Brasil,"Hipermercados, supermercados, produtos alimentícios, bebidas e fumo",fevereiro 2021,90.06524,2021-02-01,2021
Brasil,Hipermercados e supermercados,fevereiro 2021,90.15998,2021-02-01,2021
Brasil,"Hipermercados, supermercados, produtos alimentícios, bebidas e fumo",março 2021,100.68125,2021-03-01,2021
Brasil,Hipermercados e supermercados,março 2021,100.73384,2021-03-01,2021
Brasil,"Hipermercados, supermercados, produtos alimentícios, bebidas e fumo",abril 2021,95.97968,2021-04-01,2021
Brasil,Hipermercados e supermercados,abril 2021,96.01585,2021-04-01,2021
Brasil,"Hipermercados, supermercados, produtos alimentícios, bebidas e fumo",maio 2021,97.83454,2021-05-01,2021
Brasil,Hipermercados e supermercados,maio 2021,97.78763,2021-05-01,2021
Brasil,"Hipermercados, supermercados, produtos alimentícios, bebidas e fumo",junho 2021,94.35815,2021-06-01,2021
Brasil,Hipermercados e supermercados,junho 2021,94.10462,2021-06-01,2021
Brasil,"Hipermercados, supermercados, produtos alimentícios, bebidas e fumo",julho 2021,100.48852,2021-07-01,2021
Brasil,Hipermercados e supermercados,julho 2021,100.3014,2021-07-01,2021
Brasil,"Hipermercados, supermercados, produtos alimentícios, bebidas e fumo",agosto 2021,97.42588,2021-08-01,2021
Brasil,Hipermercados e supermercados,agosto 2021,97.13298,2021-08-01,2021
Brasil,"Hipermercados, supermercados, produtos alimentícios, bebidas e fumo",setembro 2021,94.24539,2021-09-01,2021
Brasil,Hipermercados e supermercados,setembro 2021,93.79065,2021-09-01,2021
Brasil,"Hipermercados, supermercados, produtos alimentícios, bebidas e fumo",outubro 2021,99.79527,2021-10-01,2021
Brasil,Hipermercados e supermercados,outubro 2021,99.6474,2021-10-01,2021
Brasil,"Hipermercados, supermercados, produtos alimentícios, bebidas e fumo",novembro 2021,99.29806,2021-11-01,2021
Brasil,Hipermercados e supermercados,novembro 2021,99.21334,2021-11-01,2021
Brasil,"Hipermercados, supermercados, produtos alimentícios, bebidas e fumo",dezembro 2021,118.7507,2021-12-01,2021
Brasil,Hipermercados e supermercados,dezembro 2021,118.90948,2021-12-01,2021
Brasil,"Hipermercados, supermercados, produtos alimentícios, bebidas e fumo",janeiro 2022,94.08817,2022-01-01,2022
Brasil,Hipermercados e supermercados,janeiro 2022,93.99327,2022-01-01,2022
Brasil,"Hipermercados, supermercados, produtos alimentícios, bebidas e fumo",fevereiro 2022,91.8808,2022-02-01,2022
Brasil,Hipermercados e supermercados,fevereiro 2022,91.46843,2022-02-01,2022
Brasil,"Hipermercados, supermercados, produtos alimentícios, bebidas e fumo",março 2022,97.29826,2022-03-01,2022
Brasil,Hipermercados e supermercados,março 2022,96.91359,2022-03-01,2022
Brasil,"Hipermercados, supermercados, produtos alimentícios, bebidas e fumo",abril 2022,99.87038,2022-04-01,2022
Brasil,Hipermercados e supermercados,abril 2022,99.87137,2022-04-01,2022
Brasil,"Hipermercados, supermercados, produtos alimentícios, bebidas e fumo",maio 2022,97.38395,2022-05-01,2022
Brasil,Hipermercados e supermercados,maio 2022,97.15813,2022-05-01,2022
Brasil,"Hipermercados, supermercados, produtos alimentícios, bebidas e fumo",junho 2022,96.46825,2022-06-01,2022
Brasil,Hipermercados e supermercados,junho 2022,96.16971,2022-06-01,2022
Brasil,"Hipermercados, supermercados, produtos alimentícios, bebidas e fumo",julho 2022,100.21917,2022-07-01,2022
Brasil,Hipermercados e supermercados,julho 2022,100.31185,2022-07-01,2022
Brasil,"Hipermercados, supermercados, produtos alimentícios, bebidas e fumo",agosto 2022,98.78697,2022-08-01,2022
Brasil,Hipermercados e supermercados,agosto 2022,98.7993,2022-08-01,2022
Brasil,"Hipermercados, supermercados, produtos alimentícios, bebidas e fumo",setembro 2022,97.78536,2022-09-01,2022
Brasil,Hipermercados e supermercados,setembro 2022,97.71469,2022-09-01,2022
Brasil,"Hipermercados, supermercados, produtos alimentícios, bebidas e fumo",outubro 2022,102.51205,2022-10-01,2022
Brasil,Hipermercados e supermercados,outubro 2022,102.37674,2022-10-01,2022
Brasil,"Hipermercados, supermercados, produtos alimentícios, bebidas e fumo",novembro 2022,102.04472,2022-11-01,2022
Brasil,Hipermercados e supermercados,novembro 2022,102.47478,2022-11-01,2022
Brasil,"Hipermercados, supermercados, produtos alimentícios, bebidas e fumo",dezembro 2022,121.66192,2022-12-01,2022
Brasil,Hipermercados e supermercados,dezembro 2022,122.74814,2022-12-01,2022
Brasil,"Hipermercados, supermercados, produtos alimentícios, bebidas e fumo",janeiro 2023,96.3007,2023-01-01,2023
Brasil,Hipermercados e supermercados,janeiro 2023,96.58423,2023-01-01,2023
Brasil,"Hipermercados, supermercados, produtos alimentícios, bebidas e fumo",fevereiro 2023,92.73136,2023-02-01,2023
Brasil,Hipermercados e supermercados,fevereiro 2023,93.02122,2023-02-01,2023
Brasil,"Hipermercados, supermercados, produtos alimentícios, bebidas e fumo",março 2023,101.62821,2023-03-01,2023
Brasil,Hipermercados e supermercados,março 2023,101.72343,2023-03-01,2023
Brasil,"Hipermercados, supermercados, produtos alimentícios, bebidas e fumo",abril 2023,103.19666,2023-04-01,2023
Brasil,Hipermercados e supermercados,abril 2023,103.94742,2023-04-01,2023
Brasil,"Hipermercados, supermercados, produtos alimentícios, bebidas e fumo",maio 2023,98.68158,2023-05-01,2023
Brasil,Hipermercados e supermercados,maio 2023,98.53027,2023-05-01,2023
Brasil,"Hipermercados, supermercados, produtos alimentícios, bebidas e fumo",junho 2023,99.56226,2023-06-01,2023
Brasil,Hipermercados e supermercados,junho 2023,99.42709,2023-06-01,2023
Brasil,"Hipermercados, supermercados, produtos alimentícios, bebidas e fumo",julho 2023,103.17058,2023-07-01,2023
Brasil,Hipermercados e supermercados,julho 2023,103.35069,2023-07-01,2023
Brasil,"Hipermercados, supermercados, produtos alimentícios, bebidas e fumo",agosto 2023,104.48636,2023-08-01,2023
Brasil,Hipermercados e supermercados,agosto 2023,104.71564,2023-08-01,2023
Brasil,"Hipermercados, supermercados, produtos alimentícios, bebidas e fumo",setembro 2023,104.74064,2023-09-01,2023
Brasil,Hipermercados e supermercados,setembro 2023,105.34604,2023-09-01,2023
Brasil,"Hipermercados, supermercados, produtos alimentícios, bebidas e fumo",outubro 2023,104.46568,2023-10-01,2023
Brasil,Hipermercados e supermercados,outubro 2023,104.84879,2023-10-01,2023
Brasil,"Hipermercados, supermercados, produtos alimentícios, bebidas e fumo",novembro 2023,107.12675,2023-11-01,2023
Brasil,Hipermercados e supermercados,novembro 2023,107.7552,2023-11-01,2023
Brasil,"Hipermercados, supermercados, produtos alimentícios, bebidas e fumo",dezembro 2023,128.2214,2023-12-01,2023
Brasil,Hipermercados e supermercados,dezembro 2023,129.20291,2023-12-01,2023
Brasil,"Hipermercados, supermercados, produtos alimentícios, bebidas e fumo",janeiro 2024,102.1485,2024-01-01,2024
Brasil,Hipermercados e supermercados,janeiro 2024,102.92323,2024-01-01,2024
Brasil,"Hipermercados, supermercados, produtos alimentícios, bebidas e fumo",fevereiro 2024,101.42708,2024-02-01,2024
Brasil,Hipermercados e supermercados,fevereiro 2024,102.28349,2024-02-01,2024
Brasil,"Hipermercados, supermercados, produtos alimentícios, bebidas e fumo",março 2024,110.41701,2024-03-01,2024
Brasil,Hipermercados e supermercados,março 2024,111.34176,2024-03-01,2024
Brasil,"Hipermercados, supermercados, produtos alimentícios, bebidas e fumo",abril 2024,101.88901,2024-04-01,2024
Brasil,Hipermercados e supermercados,abril 2024,102.83262,2024-04-01,2024
Brasil,"Hipermercados, supermercados, produtos alimentícios, bebidas e fumo",maio 2024,108.78253,2024-05-01,2024
Brasil,Hipermercados e supermercados,maio 2024,109.58976,2024-05-01,2024
Brasil,"Hipermercados, supermercados, produtos alimentícios, bebidas e fumo",junho 2024,103.1549,2024-06-01,2024
Brasil,Hipermercados e supermercados,junho 2024,103.52054,2024-06-01,2024
Brasil,"Hipermercados, supermercados, produtos alimentícios, bebidas e fumo",julho 2024,106.54876,2024-07-01,2024
Brasil,Hipermercados e supermercados,julho 2024,107.32903,2024-07-01,2024
Brasil,"Hipermercados, supermercados, produtos alimentícios, bebidas e fumo",agosto 2024,111.28112,2024-08-01,2024
Brasil,Hipermercados e supermercados,agosto 2024,112.47525,2024-08-01,2024
Brasil,"Hipermercados, supermercados, produtos alimentícios, bebidas e fumo",setembro 2024,105.46537,2024-09-01,2024
Brasil,Hipermercados e supermercados,setembro 2024,106.67508,2024-09-01,2024
Brasil,"Hipermercados, supermercados, produtos alimentícios, bebidas e fumo",outubro 2024,110.39785,2024-10-01,2024
Brasil,Hipermercados e supermercados,outubro 2024,111.31346,2024-10-01,2024
Brasil,"Hipermercados, supermercados, produtos alimentícios, bebidas e fumo",novembro 2024,112.92735,2024-11-01,2024
Brasil,Hipermercados e supermercados,novembro 2024,114.45993,2024-11-01,2024
Brasil,"Hipermercados, supermercados, produtos alimentícios, bebidas e fumo",dezembro 2024,127.20855,2024-12-01,2024
Brasil,Hipermercados e supermercados,dezembro 2024,128.78537,2024-12-01,2024
Brasil,"Hipermercados, supermercados, produtos alimentícios, bebidas e fumo",janeiro 2025,104.99217,2025-01-01,2025
Brasil,Hipermercados e supermercados,janeiro 2025,106.45844,2025-01-01,2025
Brasil,"Hipermercados, supermercados, produtos alimentícios, bebidas e fumo",fevereiro 2025,101.14034,2025-02-01,2025
Brasil,Hipermercados e supermercados,fevereiro 2025,102.36767,2025-02-01,2025
Brasil,"Hipermercados, supermercados, produtos alimentícios, bebidas e fumo",março 2025,108.94951,2025-03-01,2025
Brasil,Hipermercados e supermercados,março 2025,110.04474,2025-03-01,2025
Brasil,"Hipermercados, supermercados, produtos alimentícios, bebidas e fumo",abril 2025,109.38155,2025-04-01,2025
Brasil,Hipermercados e supermercados,abril 2025,111.12142,2025-04-01,2025
Brasil,"Hipermercados, supermercados, produtos alimentícios, bebidas e fumo",maio 2025,109.36831,2025-05-01,2025
Brasil,Hipermercados e supermercados,maio 2025,110.5434,2025-05-01,2025
Brasil,"Hipermercados, supermercados, produtos alimentícios, bebidas e fumo",junho 2025,102.91958,2025-06-01,2025
Brasil,Hipermercados e supermercados,junho 2025,103.88618,2025-06-01,2025
Brasil,"Hipermercados, supermercados, produtos alimentícios, bebidas e fumo",julho 2025,107.0789,2025-07-01,2025
Brasil,Hipermercados e supermercados,julho 2025,108.23723,2025-07-01,2025
Brasil,"Hipermercados, supermercados, produtos alimentícios, bebidas e fumo",agosto 2025,110.7247,2025-08-01,2025
Brasil,Hipermercados e supermercados,agosto 2025,112.19433,2025-08-01,2025
Brasil,"Hipermercados, supermercados, produtos alimentícios, bebidas e fumo",setembro 2025,104.80687,2025-09-01,2025
Brasil,Hipermercados e supermercados,setembro 2025,106.15169,2025-09-01,2025
Brasil,"Hipermercados, supermercados, produtos alimentícios, bebidas e fumo",outubro 2025,110.43216,2025-10-01,2025
Brasil,Hipermercados e supermercados,outubro 2025,111.75774,2025-10-01,2025
Brasil,"Hipermercados, supermercados, produtos alimentícios, bebidas e fumo",novembro 2025,112.98795,2025-11-01,2025
Brasil,Hipermercados e supermercados,novembro 2025,114.65711,2025-11-01,2025
Brasil,"Hipermercados, supermercados, produtos alimentícios, bebidas e fumo",dezembro 2025,128.87705,2025-12-01,2025
Brasil,Hipermercados e supermercados,dezembro 2025,130.44854,2025-12-01,2025
